{
  "cer": 0.024119292718037862,
  "wer": 0.0576644974692697,
  "accuracy": 0.9423355025307303,
  "char_f1": 0.9779667413592219,
  "char_precision": 0.9782059295086883,
  "char_recall": 0.9777276801474923,
  "tone_accuracy": 0.9728520652040691,
  "tone_errors": 443,
  "total_tone_chars": 16318
}